{
    "status": "pending",
    "azimuth": 28.916517303678575,
    "elevation": 66.62783992682424
}