{
    "status": "pending",
    "azimuth": 182.8544421312585,
    "elevation": 153.88680288204836
}