{
    "status": "pending",
    "azimuth": 273.46066269773274,
    "elevation": -52.94930665409125
}